USE [SIGECO]
GO
SET IDENTITY_INSERT [dbo].[Catalogo] ON 

TRUNCATE TABLE [dbo].[Catalogo]
TRUNCATE TABLE [dbo].[Diente]
TRUNCATE TABLE [dbo].[OdontogramaDetalle]
TRUNCATE TABLE [dbo].[Simbolo]
TRUNCATE TABLE [dbo].[ValidacionSimboloOdontograma]
TRUNCATE TABLE [dbo].[ValorCatalogo]


INSERT [dbo].[Catalogo] ([nCatalogoID], [nCodigo], [sDescripcion], [nActivo], [dFechaCreacion], [sUsuarioCreacion], [dFechaModificaicon], [sUsuarioModificacion]) VALUES (1, 1, N'EstadoDiente', 1, CAST(N'2018-09-07' AS Date), N'fugarte', NULL, NULL)
INSERT [dbo].[Catalogo] ([nCatalogoID], [nCodigo], [sDescripcion], [nActivo], [dFechaCreacion], [sUsuarioCreacion], [dFechaModificaicon], [sUsuarioModificacion]) VALUES (2, 2, N'EstadoSimbolo', 1, CAST(N'2018-09-07' AS Date), N'fugarte', NULL, NULL)
INSERT [dbo].[Catalogo] ([nCatalogoID], [nCodigo], [sDescripcion], [nActivo], [dFechaCreacion], [sUsuarioCreacion], [dFechaModificaicon], [sUsuarioModificacion]) VALUES (3, 3, N'EstadoOdontograma', 1, CAST(N'2018-10-02' AS Date), N'fugarte', NULL, NULL)
INSERT [dbo].[Catalogo] ([nCatalogoID], [nCodigo], [sDescripcion], [nActivo], [dFechaCreacion], [sUsuarioCreacion], [dFechaModificaicon], [sUsuarioModificacion]) VALUES (4, 4, N'EstadoOdontogramaDetalle', 1, CAST(N'2018-10-02' AS Date), N'fugarte', NULL, NULL)
INSERT [dbo].[Catalogo] ([nCatalogoID], [nCodigo], [sDescripcion], [nActivo], [dFechaCreacion], [sUsuarioCreacion], [dFechaModificaicon], [sUsuarioModificacion]) VALUES (6, 5, N'TipoDiente', 1, CAST(N'2018-10-02' AS Date), N'fugarte', NULL, NULL)
INSERT [dbo].[Catalogo] ([nCatalogoID], [nCodigo], [sDescripcion], [nActivo], [dFechaCreacion], [sUsuarioCreacion], [dFechaModificaicon], [sUsuarioModificacion]) VALUES (7, 6, N'TipoValidacionOdontograma', 1, CAST(N'2018-10-02' AS Date), N'fugarte', NULL, NULL)
SET IDENTITY_INSERT [dbo].[Catalogo] OFF
SET IDENTITY_INSERT [dbo].[Diente] ON 

INSERT [dbo].[Diente] ([nDienteID], [nTipoDiente], [sNombreDiente], [nEstadoID], [dFechaCreacion], [sUsuarioCreacion], [dFechaModificacion], [sUsuarioModificacion]) VALUES (1, 9, N'11', 1, CAST(N'2018-10-02' AS Date), N'fugarte', NULL, NULL)
INSERT [dbo].[Diente] ([nDienteID], [nTipoDiente], [sNombreDiente], [nEstadoID], [dFechaCreacion], [sUsuarioCreacion], [dFechaModificacion], [sUsuarioModificacion]) VALUES (2, 9, N'12', 1, CAST(N'2018-10-02' AS Date), N'fugarte', NULL, NULL)
INSERT [dbo].[Diente] ([nDienteID], [nTipoDiente], [sNombreDiente], [nEstadoID], [dFechaCreacion], [sUsuarioCreacion], [dFechaModificacion], [sUsuarioModificacion]) VALUES (3, 9, N'13', 1, CAST(N'2018-10-02' AS Date), N'fugarte', NULL, NULL)
INSERT [dbo].[Diente] ([nDienteID], [nTipoDiente], [sNombreDiente], [nEstadoID], [dFechaCreacion], [sUsuarioCreacion], [dFechaModificacion], [sUsuarioModificacion]) VALUES (4, 9, N'14', 1, CAST(N'2018-10-02' AS Date), N'fugarte', NULL, NULL)
INSERT [dbo].[Diente] ([nDienteID], [nTipoDiente], [sNombreDiente], [nEstadoID], [dFechaCreacion], [sUsuarioCreacion], [dFechaModificacion], [sUsuarioModificacion]) VALUES (5, 9, N'15', 1, CAST(N'2018-10-02' AS Date), N'fugarte', NULL, NULL)
INSERT [dbo].[Diente] ([nDienteID], [nTipoDiente], [sNombreDiente], [nEstadoID], [dFechaCreacion], [sUsuarioCreacion], [dFechaModificacion], [sUsuarioModificacion]) VALUES (6, 9, N'16', 1, CAST(N'2018-10-02' AS Date), N'fugarte', NULL, NULL)
INSERT [dbo].[Diente] ([nDienteID], [nTipoDiente], [sNombreDiente], [nEstadoID], [dFechaCreacion], [sUsuarioCreacion], [dFechaModificacion], [sUsuarioModificacion]) VALUES (7, 9, N'17', 1, CAST(N'2018-10-02' AS Date), N'fugarte', NULL, NULL)
INSERT [dbo].[Diente] ([nDienteID], [nTipoDiente], [sNombreDiente], [nEstadoID], [dFechaCreacion], [sUsuarioCreacion], [dFechaModificacion], [sUsuarioModificacion]) VALUES (8, 9, N'18', 1, CAST(N'2018-10-02' AS Date), N'fugarte', NULL, NULL)
INSERT [dbo].[Diente] ([nDienteID], [nTipoDiente], [sNombreDiente], [nEstadoID], [dFechaCreacion], [sUsuarioCreacion], [dFechaModificacion], [sUsuarioModificacion]) VALUES (9, 9, N'21', 1, CAST(N'2018-10-02' AS Date), N'fugarte', NULL, NULL)
INSERT [dbo].[Diente] ([nDienteID], [nTipoDiente], [sNombreDiente], [nEstadoID], [dFechaCreacion], [sUsuarioCreacion], [dFechaModificacion], [sUsuarioModificacion]) VALUES (10, 9, N'22', 1, CAST(N'2018-10-02' AS Date), N'fugarte', NULL, NULL)
INSERT [dbo].[Diente] ([nDienteID], [nTipoDiente], [sNombreDiente], [nEstadoID], [dFechaCreacion], [sUsuarioCreacion], [dFechaModificacion], [sUsuarioModificacion]) VALUES (11, 9, N'23', 1, CAST(N'2018-10-02' AS Date), N'fugarte', NULL, NULL)
INSERT [dbo].[Diente] ([nDienteID], [nTipoDiente], [sNombreDiente], [nEstadoID], [dFechaCreacion], [sUsuarioCreacion], [dFechaModificacion], [sUsuarioModificacion]) VALUES (12, 9, N'24', 1, CAST(N'2018-10-02' AS Date), N'fugarte', NULL, NULL)
INSERT [dbo].[Diente] ([nDienteID], [nTipoDiente], [sNombreDiente], [nEstadoID], [dFechaCreacion], [sUsuarioCreacion], [dFechaModificacion], [sUsuarioModificacion]) VALUES (13, 9, N'25', 1, CAST(N'2018-10-02' AS Date), N'fugarte', NULL, NULL)
INSERT [dbo].[Diente] ([nDienteID], [nTipoDiente], [sNombreDiente], [nEstadoID], [dFechaCreacion], [sUsuarioCreacion], [dFechaModificacion], [sUsuarioModificacion]) VALUES (14, 9, N'26', 1, CAST(N'2018-10-02' AS Date), N'fugarte', NULL, NULL)
INSERT [dbo].[Diente] ([nDienteID], [nTipoDiente], [sNombreDiente], [nEstadoID], [dFechaCreacion], [sUsuarioCreacion], [dFechaModificacion], [sUsuarioModificacion]) VALUES (15, 9, N'27', 1, CAST(N'2018-10-02' AS Date), N'fugarte', NULL, NULL)
INSERT [dbo].[Diente] ([nDienteID], [nTipoDiente], [sNombreDiente], [nEstadoID], [dFechaCreacion], [sUsuarioCreacion], [dFechaModificacion], [sUsuarioModificacion]) VALUES (16, 9, N'28', 1, CAST(N'2018-10-02' AS Date), N'fugarte', NULL, NULL)
INSERT [dbo].[Diente] ([nDienteID], [nTipoDiente], [sNombreDiente], [nEstadoID], [dFechaCreacion], [sUsuarioCreacion], [dFechaModificacion], [sUsuarioModificacion]) VALUES (17, 9, N'31', 1, CAST(N'2018-10-02' AS Date), N'fugarte', NULL, NULL)
INSERT [dbo].[Diente] ([nDienteID], [nTipoDiente], [sNombreDiente], [nEstadoID], [dFechaCreacion], [sUsuarioCreacion], [dFechaModificacion], [sUsuarioModificacion]) VALUES (18, 9, N'32', 1, CAST(N'2018-10-02' AS Date), N'fugarte', NULL, NULL)
INSERT [dbo].[Diente] ([nDienteID], [nTipoDiente], [sNombreDiente], [nEstadoID], [dFechaCreacion], [sUsuarioCreacion], [dFechaModificacion], [sUsuarioModificacion]) VALUES (19, 9, N'33', 1, CAST(N'2018-10-02' AS Date), N'fugarte', NULL, NULL)
INSERT [dbo].[Diente] ([nDienteID], [nTipoDiente], [sNombreDiente], [nEstadoID], [dFechaCreacion], [sUsuarioCreacion], [dFechaModificacion], [sUsuarioModificacion]) VALUES (20, 9, N'34', 1, CAST(N'2018-10-02' AS Date), N'fugarte', NULL, NULL)
INSERT [dbo].[Diente] ([nDienteID], [nTipoDiente], [sNombreDiente], [nEstadoID], [dFechaCreacion], [sUsuarioCreacion], [dFechaModificacion], [sUsuarioModificacion]) VALUES (21, 9, N'35', 1, CAST(N'2018-10-02' AS Date), N'fugarte', NULL, NULL)
INSERT [dbo].[Diente] ([nDienteID], [nTipoDiente], [sNombreDiente], [nEstadoID], [dFechaCreacion], [sUsuarioCreacion], [dFechaModificacion], [sUsuarioModificacion]) VALUES (22, 9, N'36', 1, CAST(N'2018-10-02' AS Date), N'fugarte', NULL, NULL)
INSERT [dbo].[Diente] ([nDienteID], [nTipoDiente], [sNombreDiente], [nEstadoID], [dFechaCreacion], [sUsuarioCreacion], [dFechaModificacion], [sUsuarioModificacion]) VALUES (23, 9, N'37', 1, CAST(N'2018-10-02' AS Date), N'fugarte', NULL, NULL)
INSERT [dbo].[Diente] ([nDienteID], [nTipoDiente], [sNombreDiente], [nEstadoID], [dFechaCreacion], [sUsuarioCreacion], [dFechaModificacion], [sUsuarioModificacion]) VALUES (24, 9, N'38', 1, CAST(N'2018-10-02' AS Date), N'fugarte', NULL, NULL)
INSERT [dbo].[Diente] ([nDienteID], [nTipoDiente], [sNombreDiente], [nEstadoID], [dFechaCreacion], [sUsuarioCreacion], [dFechaModificacion], [sUsuarioModificacion]) VALUES (25, 9, N'41', 1, CAST(N'2018-10-02' AS Date), N'fugarte', NULL, NULL)
INSERT [dbo].[Diente] ([nDienteID], [nTipoDiente], [sNombreDiente], [nEstadoID], [dFechaCreacion], [sUsuarioCreacion], [dFechaModificacion], [sUsuarioModificacion]) VALUES (26, 9, N'42', 1, CAST(N'2018-10-02' AS Date), N'fugarte', NULL, NULL)
INSERT [dbo].[Diente] ([nDienteID], [nTipoDiente], [sNombreDiente], [nEstadoID], [dFechaCreacion], [sUsuarioCreacion], [dFechaModificacion], [sUsuarioModificacion]) VALUES (27, 9, N'43', 1, CAST(N'2018-10-02' AS Date), N'fugarte', NULL, NULL)
INSERT [dbo].[Diente] ([nDienteID], [nTipoDiente], [sNombreDiente], [nEstadoID], [dFechaCreacion], [sUsuarioCreacion], [dFechaModificacion], [sUsuarioModificacion]) VALUES (28, 9, N'44', 1, CAST(N'2018-10-02' AS Date), N'fugarte', NULL, NULL)
INSERT [dbo].[Diente] ([nDienteID], [nTipoDiente], [sNombreDiente], [nEstadoID], [dFechaCreacion], [sUsuarioCreacion], [dFechaModificacion], [sUsuarioModificacion]) VALUES (29, 9, N'45', 1, CAST(N'2018-10-02' AS Date), N'fugarte', NULL, NULL)
INSERT [dbo].[Diente] ([nDienteID], [nTipoDiente], [sNombreDiente], [nEstadoID], [dFechaCreacion], [sUsuarioCreacion], [dFechaModificacion], [sUsuarioModificacion]) VALUES (30, 9, N'46', 1, CAST(N'2018-10-02' AS Date), N'fugarte', NULL, NULL)
INSERT [dbo].[Diente] ([nDienteID], [nTipoDiente], [sNombreDiente], [nEstadoID], [dFechaCreacion], [sUsuarioCreacion], [dFechaModificacion], [sUsuarioModificacion]) VALUES (31, 9, N'47', 1, CAST(N'2018-10-02' AS Date), N'fugarte', NULL, NULL)
INSERT [dbo].[Diente] ([nDienteID], [nTipoDiente], [sNombreDiente], [nEstadoID], [dFechaCreacion], [sUsuarioCreacion], [dFechaModificacion], [sUsuarioModificacion]) VALUES (32, 9, N'48', 1, CAST(N'2018-10-02' AS Date), N'fugarte', NULL, NULL)
INSERT [dbo].[Diente] ([nDienteID], [nTipoDiente], [sNombreDiente], [nEstadoID], [dFechaCreacion], [sUsuarioCreacion], [dFechaModificacion], [sUsuarioModificacion]) VALUES (33, 10, N'51', 1, CAST(N'2018-10-02' AS Date), N'fugarte', NULL, NULL)
INSERT [dbo].[Diente] ([nDienteID], [nTipoDiente], [sNombreDiente], [nEstadoID], [dFechaCreacion], [sUsuarioCreacion], [dFechaModificacion], [sUsuarioModificacion]) VALUES (34, 10, N'52', 1, CAST(N'2018-10-02' AS Date), N'fugarte', NULL, NULL)
INSERT [dbo].[Diente] ([nDienteID], [nTipoDiente], [sNombreDiente], [nEstadoID], [dFechaCreacion], [sUsuarioCreacion], [dFechaModificacion], [sUsuarioModificacion]) VALUES (35, 10, N'53', 1, CAST(N'2018-10-02' AS Date), N'fugarte', NULL, NULL)
INSERT [dbo].[Diente] ([nDienteID], [nTipoDiente], [sNombreDiente], [nEstadoID], [dFechaCreacion], [sUsuarioCreacion], [dFechaModificacion], [sUsuarioModificacion]) VALUES (36, 10, N'54', 1, CAST(N'2018-10-02' AS Date), N'fugarte', NULL, NULL)
INSERT [dbo].[Diente] ([nDienteID], [nTipoDiente], [sNombreDiente], [nEstadoID], [dFechaCreacion], [sUsuarioCreacion], [dFechaModificacion], [sUsuarioModificacion]) VALUES (37, 10, N'55', 1, CAST(N'2018-10-02' AS Date), N'fugarte', NULL, NULL)
INSERT [dbo].[Diente] ([nDienteID], [nTipoDiente], [sNombreDiente], [nEstadoID], [dFechaCreacion], [sUsuarioCreacion], [dFechaModificacion], [sUsuarioModificacion]) VALUES (38, 10, N'61', 1, CAST(N'2018-10-02' AS Date), N'fugarte', NULL, NULL)
INSERT [dbo].[Diente] ([nDienteID], [nTipoDiente], [sNombreDiente], [nEstadoID], [dFechaCreacion], [sUsuarioCreacion], [dFechaModificacion], [sUsuarioModificacion]) VALUES (39, 10, N'62', 1, CAST(N'2018-10-02' AS Date), N'fugarte', NULL, NULL)
INSERT [dbo].[Diente] ([nDienteID], [nTipoDiente], [sNombreDiente], [nEstadoID], [dFechaCreacion], [sUsuarioCreacion], [dFechaModificacion], [sUsuarioModificacion]) VALUES (40, 10, N'63', 1, CAST(N'2018-10-02' AS Date), N'fugarte', NULL, NULL)
INSERT [dbo].[Diente] ([nDienteID], [nTipoDiente], [sNombreDiente], [nEstadoID], [dFechaCreacion], [sUsuarioCreacion], [dFechaModificacion], [sUsuarioModificacion]) VALUES (41, 10, N'64', 1, CAST(N'2018-10-02' AS Date), N'fugarte', NULL, NULL)
INSERT [dbo].[Diente] ([nDienteID], [nTipoDiente], [sNombreDiente], [nEstadoID], [dFechaCreacion], [sUsuarioCreacion], [dFechaModificacion], [sUsuarioModificacion]) VALUES (42, 10, N'65', 1, CAST(N'2018-10-02' AS Date), N'fugarte', NULL, NULL)
INSERT [dbo].[Diente] ([nDienteID], [nTipoDiente], [sNombreDiente], [nEstadoID], [dFechaCreacion], [sUsuarioCreacion], [dFechaModificacion], [sUsuarioModificacion]) VALUES (43, 10, N'71', 1, CAST(N'2018-10-02' AS Date), N'fugarte', NULL, NULL)
INSERT [dbo].[Diente] ([nDienteID], [nTipoDiente], [sNombreDiente], [nEstadoID], [dFechaCreacion], [sUsuarioCreacion], [dFechaModificacion], [sUsuarioModificacion]) VALUES (44, 10, N'72', 1, CAST(N'2018-10-02' AS Date), N'fugarte', NULL, NULL)
INSERT [dbo].[Diente] ([nDienteID], [nTipoDiente], [sNombreDiente], [nEstadoID], [dFechaCreacion], [sUsuarioCreacion], [dFechaModificacion], [sUsuarioModificacion]) VALUES (45, 10, N'73', 1, CAST(N'2018-10-02' AS Date), N'fugarte', NULL, NULL)
INSERT [dbo].[Diente] ([nDienteID], [nTipoDiente], [sNombreDiente], [nEstadoID], [dFechaCreacion], [sUsuarioCreacion], [dFechaModificacion], [sUsuarioModificacion]) VALUES (46, 10, N'74', 1, CAST(N'2018-10-02' AS Date), N'fugarte', NULL, NULL)
INSERT [dbo].[Diente] ([nDienteID], [nTipoDiente], [sNombreDiente], [nEstadoID], [dFechaCreacion], [sUsuarioCreacion], [dFechaModificacion], [sUsuarioModificacion]) VALUES (47, 10, N'75', 1, CAST(N'2018-10-02' AS Date), N'fugarte', NULL, NULL)
INSERT [dbo].[Diente] ([nDienteID], [nTipoDiente], [sNombreDiente], [nEstadoID], [dFechaCreacion], [sUsuarioCreacion], [dFechaModificacion], [sUsuarioModificacion]) VALUES (48, 10, N'81', 1, CAST(N'2018-10-02' AS Date), N'fugarte', NULL, NULL)
INSERT [dbo].[Diente] ([nDienteID], [nTipoDiente], [sNombreDiente], [nEstadoID], [dFechaCreacion], [sUsuarioCreacion], [dFechaModificacion], [sUsuarioModificacion]) VALUES (49, 10, N'82', 1, CAST(N'2018-10-02' AS Date), N'fugarte', NULL, NULL)
INSERT [dbo].[Diente] ([nDienteID], [nTipoDiente], [sNombreDiente], [nEstadoID], [dFechaCreacion], [sUsuarioCreacion], [dFechaModificacion], [sUsuarioModificacion]) VALUES (50, 10, N'83', 1, CAST(N'2018-10-02' AS Date), N'fugarte', NULL, NULL)
INSERT [dbo].[Diente] ([nDienteID], [nTipoDiente], [sNombreDiente], [nEstadoID], [dFechaCreacion], [sUsuarioCreacion], [dFechaModificacion], [sUsuarioModificacion]) VALUES (51, 10, N'84', 1, CAST(N'2018-10-02' AS Date), N'fugarte', NULL, NULL)
INSERT [dbo].[Diente] ([nDienteID], [nTipoDiente], [sNombreDiente], [nEstadoID], [dFechaCreacion], [sUsuarioCreacion], [dFechaModificacion], [sUsuarioModificacion]) VALUES (52, 10, N'85', 1, CAST(N'2018-10-02' AS Date), N'fugarte', NULL, NULL)
SET IDENTITY_INSERT [dbo].[Diente] OFF
SET IDENTITY_INSERT [dbo].[OdontogramaDetalle] ON 

INSERT [dbo].[OdontogramaDetalle] ([nOdontogramaDetalleID], [nOdontogramaID], [nSimboloID], [nDienteID], [nEstadoID], [dFechaCreacion], [sUsuarioCreacion], [dFechaModificacion], [sUsuarioModificacion]) VALUES (1, 1, 1, 1, 8, CAST(N'2018-10-13' AS Date), N'fugarte', NULL, NULL)
INSERT [dbo].[OdontogramaDetalle] ([nOdontogramaDetalleID], [nOdontogramaID], [nSimboloID], [nDienteID], [nEstadoID], [dFechaCreacion], [sUsuarioCreacion], [dFechaModificacion], [sUsuarioModificacion]) VALUES (2, 1, 4, 33, 8, CAST(N'2018-10-13' AS Date), N'fugarte', NULL, NULL)
INSERT [dbo].[OdontogramaDetalle] ([nOdontogramaDetalleID], [nOdontogramaID], [nSimboloID], [nDienteID], [nEstadoID], [dFechaCreacion], [sUsuarioCreacion], [dFechaModificacion], [sUsuarioModificacion]) VALUES (3, 1, 4, 33, 8, CAST(N'2018-10-13' AS Date), N'fugarte', NULL, NULL)
INSERT [dbo].[OdontogramaDetalle] ([nOdontogramaDetalleID], [nOdontogramaID], [nSimboloID], [nDienteID], [nEstadoID], [dFechaCreacion], [sUsuarioCreacion], [dFechaModificacion], [sUsuarioModificacion]) VALUES (4, 1, 2, 34, 8, CAST(N'2018-10-13' AS Date), N'fugarte', NULL, NULL)
INSERT [dbo].[OdontogramaDetalle] ([nOdontogramaDetalleID], [nOdontogramaID], [nSimboloID], [nDienteID], [nEstadoID], [dFechaCreacion], [sUsuarioCreacion], [dFechaModificacion], [sUsuarioModificacion]) VALUES (5, 1, 5, 2, 8, CAST(N'2018-10-13' AS Date), N'fugarte', NULL, NULL)
INSERT [dbo].[OdontogramaDetalle] ([nOdontogramaDetalleID], [nOdontogramaID], [nSimboloID], [nDienteID], [nEstadoID], [dFechaCreacion], [sUsuarioCreacion], [dFechaModificacion], [sUsuarioModificacion]) VALUES (6, 1, 1, 33, 8, CAST(N'2018-10-13' AS Date), N'fugarte', NULL, NULL)
INSERT [dbo].[OdontogramaDetalle] ([nOdontogramaDetalleID], [nOdontogramaID], [nSimboloID], [nDienteID], [nEstadoID], [dFechaCreacion], [sUsuarioCreacion], [dFechaModificacion], [sUsuarioModificacion]) VALUES (7, 1, 4, 34, 8, CAST(N'2018-10-13' AS Date), N'fugarte', NULL, NULL)
INSERT [dbo].[OdontogramaDetalle] ([nOdontogramaDetalleID], [nOdontogramaID], [nSimboloID], [nDienteID], [nEstadoID], [dFechaCreacion], [sUsuarioCreacion], [dFechaModificacion], [sUsuarioModificacion]) VALUES (8, 1, 2, 2, 7, CAST(N'2018-10-13' AS Date), N'fugarte', NULL, NULL)
INSERT [dbo].[OdontogramaDetalle] ([nOdontogramaDetalleID], [nOdontogramaID], [nSimboloID], [nDienteID], [nEstadoID], [dFechaCreacion], [sUsuarioCreacion], [dFechaModificacion], [sUsuarioModificacion]) VALUES (9, 1, 5, 1, 7, CAST(N'2018-10-13' AS Date), N'fugarte', NULL, NULL)
INSERT [dbo].[OdontogramaDetalle] ([nOdontogramaDetalleID], [nOdontogramaID], [nSimboloID], [nDienteID], [nEstadoID], [dFechaCreacion], [sUsuarioCreacion], [dFechaModificacion], [sUsuarioModificacion]) VALUES (10, 1, 1, 35, 7, CAST(N'2018-10-14' AS Date), N'fugarte', NULL, NULL)
INSERT [dbo].[OdontogramaDetalle] ([nOdontogramaDetalleID], [nOdontogramaID], [nSimboloID], [nDienteID], [nEstadoID], [dFechaCreacion], [sUsuarioCreacion], [dFechaModificacion], [sUsuarioModificacion]) VALUES (11, 1, 4, 36, 7, CAST(N'2018-10-14' AS Date), N'fugarte', NULL, NULL)
SET IDENTITY_INSERT [dbo].[OdontogramaDetalle] OFF
SET IDENTITY_INSERT [dbo].[Simbolo] ON 

INSERT [dbo].[Simbolo] ([nSimboloID], [sDescripcion], [sPathImage], [nEstadoID], [dFechaCreacion], [sUsuarioCreacion], [dFechaModificacion], [sUsuarioModificacion]) VALUES (1, N'caries_derecha', N'../Content/img/caries_derecha.png', 3, CAST(N'2018-10-02' AS Date), N'fugarte', NULL, NULL)
INSERT [dbo].[Simbolo] ([nSimboloID], [sDescripcion], [sPathImage], [nEstadoID], [dFechaCreacion], [sUsuarioCreacion], [dFechaModificacion], [sUsuarioModificacion]) VALUES (2, N'caries_izquierda', N'../Content/img/caries_izquierda.png', 3, CAST(N'2018-10-02' AS Date), N'fugarte', NULL, NULL)
INSERT [dbo].[Simbolo] ([nSimboloID], [sDescripcion], [sPathImage], [nEstadoID], [dFechaCreacion], [sUsuarioCreacion], [dFechaModificacion], [sUsuarioModificacion]) VALUES (3, N'caries_central', N'../Content/img/caries_central.png', 3, CAST(N'2018-10-02' AS Date), N'fugarte', NULL, NULL)
INSERT [dbo].[Simbolo] ([nSimboloID], [sDescripcion], [sPathImage], [nEstadoID], [dFechaCreacion], [sUsuarioCreacion], [dFechaModificacion], [sUsuarioModificacion]) VALUES (4, N'caries_abajo', N'../Content/img/caries_abajo.png', 3, CAST(N'2018-10-02' AS Date), N'fugarte', NULL, NULL)
INSERT [dbo].[Simbolo] ([nSimboloID], [sDescripcion], [sPathImage], [nEstadoID], [dFechaCreacion], [sUsuarioCreacion], [dFechaModificacion], [sUsuarioModificacion]) VALUES (5, N'caries_arriba', N'../Content/img/caries_arriba.png', 3, CAST(N'2018-10-02' AS Date), N'fugarte', NULL, NULL)
SET IDENTITY_INSERT [dbo].[Simbolo] OFF
SET IDENTITY_INSERT [dbo].[ValidacionSimboloOdontograma] ON 

INSERT [dbo].[ValidacionSimboloOdontograma] ([nValidacionSimboloID], [nTipoValidacionID], [nElemento1ID], [nElemento2ID], [nActivo], [dFechaCreacion], [sUsuarioCreacion], [dFechaModificacion], [sUsuarioModificaicon]) VALUES (1, 11, 1, 1, 1, CAST(N'2018-10-19' AS Date), N'fugarte', NULL, NULL)
INSERT [dbo].[ValidacionSimboloOdontograma] ([nValidacionSimboloID], [nTipoValidacionID], [nElemento1ID], [nElemento2ID], [nActivo], [dFechaCreacion], [sUsuarioCreacion], [dFechaModificacion], [sUsuarioModificaicon]) VALUES (2, 11, 2, 2, 1, CAST(N'2018-10-19' AS Date), N'fugarte', NULL, NULL)
INSERT [dbo].[ValidacionSimboloOdontograma] ([nValidacionSimboloID], [nTipoValidacionID], [nElemento1ID], [nElemento2ID], [nActivo], [dFechaCreacion], [sUsuarioCreacion], [dFechaModificacion], [sUsuarioModificaicon]) VALUES (3, 11, 3, 3, 1, CAST(N'2018-10-19' AS Date), N'fugarte', NULL, NULL)
INSERT [dbo].[ValidacionSimboloOdontograma] ([nValidacionSimboloID], [nTipoValidacionID], [nElemento1ID], [nElemento2ID], [nActivo], [dFechaCreacion], [sUsuarioCreacion], [dFechaModificacion], [sUsuarioModificaicon]) VALUES (4, 11, 4, 4, 1, CAST(N'2018-10-19' AS Date), N'fugarte', NULL, NULL)
INSERT [dbo].[ValidacionSimboloOdontograma] ([nValidacionSimboloID], [nTipoValidacionID], [nElemento1ID], [nElemento2ID], [nActivo], [dFechaCreacion], [sUsuarioCreacion], [dFechaModificacion], [sUsuarioModificaicon]) VALUES (5, 11, 5, 5, 1, CAST(N'2018-10-19' AS Date), N'fugarte', NULL, NULL)
INSERT [dbo].[ValidacionSimboloOdontograma] ([nValidacionSimboloID], [nTipoValidacionID], [nElemento1ID], [nElemento2ID], [nActivo], [dFechaCreacion], [sUsuarioCreacion], [dFechaModificacion], [sUsuarioModificaicon]) VALUES (7, 12, 1, 33, 1, CAST(N'2018-10-19' AS Date), N'fugarte', NULL, NULL)
SET IDENTITY_INSERT [dbo].[ValidacionSimboloOdontograma] OFF
SET IDENTITY_INSERT [dbo].[ValorCatalogo] ON 

INSERT [dbo].[ValorCatalogo] ([nValorCatalogoID], [nCatalogoID], [nCodigo], [sDescripcion], [nActivo], [dFechaCreacion], [sUsuarioCreacion], [dFechaModificacion], [sUsuarioModificacion]) VALUES (1, 1, 1, N'Diente Activo', 1, CAST(N'2018-10-02' AS Date), N'fugarte', NULL, NULL)
INSERT [dbo].[ValorCatalogo] ([nValorCatalogoID], [nCatalogoID], [nCodigo], [sDescripcion], [nActivo], [dFechaCreacion], [sUsuarioCreacion], [dFechaModificacion], [sUsuarioModificacion]) VALUES (2, 1, 2, N'Diente Inactivo', 1, CAST(N'2018-10-02' AS Date), N'fugarte', NULL, NULL)
INSERT [dbo].[ValorCatalogo] ([nValorCatalogoID], [nCatalogoID], [nCodigo], [sDescripcion], [nActivo], [dFechaCreacion], [sUsuarioCreacion], [dFechaModificacion], [sUsuarioModificacion]) VALUES (3, 2, 1, N'Simbolo Activo', 1, CAST(N'2018-10-02' AS Date), N'fugarte', NULL, NULL)
INSERT [dbo].[ValorCatalogo] ([nValorCatalogoID], [nCatalogoID], [nCodigo], [sDescripcion], [nActivo], [dFechaCreacion], [sUsuarioCreacion], [dFechaModificacion], [sUsuarioModificacion]) VALUES (4, 2, 2, N'Simbolo Inactivo', 1, CAST(N'2018-10-02' AS Date), N'fugarte', NULL, NULL)
INSERT [dbo].[ValorCatalogo] ([nValorCatalogoID], [nCatalogoID], [nCodigo], [sDescripcion], [nActivo], [dFechaCreacion], [sUsuarioCreacion], [dFechaModificacion], [sUsuarioModificacion]) VALUES (5, 3, 1, N'Odontograma Activo', 1, CAST(N'2018-10-02' AS Date), N'fugarte', NULL, NULL)
INSERT [dbo].[ValorCatalogo] ([nValorCatalogoID], [nCatalogoID], [nCodigo], [sDescripcion], [nActivo], [dFechaCreacion], [sUsuarioCreacion], [dFechaModificacion], [sUsuarioModificacion]) VALUES (6, 3, 2, N'Odontograma Inactivo', 1, CAST(N'2018-10-02' AS Date), N'fugarte', NULL, NULL)
INSERT [dbo].[ValorCatalogo] ([nValorCatalogoID], [nCatalogoID], [nCodigo], [sDescripcion], [nActivo], [dFechaCreacion], [sUsuarioCreacion], [dFechaModificacion], [sUsuarioModificacion]) VALUES (7, 4, 1, N'Odontograma Detalle Activo', 1, CAST(N'2018-10-02' AS Date), N'fugarte', NULL, NULL)
INSERT [dbo].[ValorCatalogo] ([nValorCatalogoID], [nCatalogoID], [nCodigo], [sDescripcion], [nActivo], [dFechaCreacion], [sUsuarioCreacion], [dFechaModificacion], [sUsuarioModificacion]) VALUES (8, 4, 2, N'Odontograma Detalle Inactivo', 1, CAST(N'2018-10-02' AS Date), N'fugarte', NULL, NULL)
INSERT [dbo].[ValorCatalogo] ([nValorCatalogoID], [nCatalogoID], [nCodigo], [sDescripcion], [nActivo], [dFechaCreacion], [sUsuarioCreacion], [dFechaModificacion], [sUsuarioModificacion]) VALUES (9, 6, 1, N'Diente de Adulto', 1, CAST(N'2018-10-02' AS Date), N'fugarte', NULL, NULL)
INSERT [dbo].[ValorCatalogo] ([nValorCatalogoID], [nCatalogoID], [nCodigo], [sDescripcion], [nActivo], [dFechaCreacion], [sUsuarioCreacion], [dFechaModificacion], [sUsuarioModificacion]) VALUES (10, 6, 2, N'Diente de Leche', 1, CAST(N'2018-10-02' AS Date), N'fugarte', NULL, NULL)
INSERT [dbo].[ValorCatalogo] ([nValorCatalogoID], [nCatalogoID], [nCodigo], [sDescripcion], [nActivo], [dFechaCreacion], [sUsuarioCreacion], [dFechaModificacion], [sUsuarioModificacion]) VALUES (11, 7, 1, N'Validacion de Simbolo', 1, CAST(N'2018-10-02' AS Date), N'fugarte', NULL, NULL)
INSERT [dbo].[ValorCatalogo] ([nValorCatalogoID], [nCatalogoID], [nCodigo], [sDescripcion], [nActivo], [dFechaCreacion], [sUsuarioCreacion], [dFechaModificacion], [sUsuarioModificacion]) VALUES (12, 7, 2, N'Validacion de Diente', 1, CAST(N'2018-10-02' AS Date), N'fugarte', NULL, NULL)
SET IDENTITY_INSERT [dbo].[ValorCatalogo] OFF
